xmin,ymin,xmax,ymax,confidence,class,name
1623.06005859375,286.66400146484375,1866.9652099609375,498.90557861328125,0.9013792276382446,2,car
613.7359619140625,314.9736328125,861.1701049804688,492.77520751953125,0.8929474949836731,2,car
1321.743896484375,278.43634033203125,1469.2958984375,341.4969787597656,0.756213366985321,2,car
1817.216796875,268.91888427734375,2010.857421875,340.39520263671875,0.6231487393379211,2,car
1043.3983154296875,254.9177703857422,1344.6583251953125,509.5550842285156,0.597926676273346,7,truck
