xmin,ymin,xmax,ymax,confidence,class,name
0.791064441204071,316.1738586425781,289.8785705566406,475.20440673828125,0.9007140398025513,2,car
674.4398193359375,296.25689697265625,752.2420654296875,351.9618225097656,0.8420740365982056,2,car
1537.7679443359375,293.1163635253906,1696.994384765625,380.7311096191406,0.7658234238624573,2,car
1112.3363037109375,284.74237060546875,1185.1800537109375,347.7948303222656,0.7611035704612732,2,car
