xmin,ymin,xmax,ymax,confidence,class,name
3.147289991378784,354.3919372558594,448.1807556152344,610.1113891601562,0.9039238691329956,2,car
315.1167907714844,296.3985290527344,462.1121520996094,369.6036071777344,0.8096634149551392,2,car
1066.975830078125,256.8888854980469,1262.2738037109375,407.9508361816406,0.6632092595100403,7,truck
