xmin,ymin,xmax,ymax,confidence,class,name
0.14562377333641052,352.0841979980469,141.48648071289062,540.862060546875,0.8753191828727722,2,car
758.7845458984375,327.0220031738281,1028.9345703125,445.62579345703125,0.8552317023277283,2,car
1141.690185546875,308.4731750488281,1286.8839111328125,386.92620849609375,0.8506197333335876,2,car
