xmin,ymin,xmax,ymax,confidence,class,name
845.3200073242188,315.37921142578125,1023.0661010742188,454.69964599609375,0.901422381401062,2,car
319.0398864746094,329.8559265136719,533.3841552734375,423.67034912109375,0.9012593626976013,2,car
513.5650634765625,317.1080627441406,603.2371826171875,395.6317443847656,0.7682896256446838,2,car
645.9651489257812,271.2541809082031,730.4104614257812,368.01678466796875,0.7628208994865417,5,bus
1982.3197021484375,300.5028381347656,2047.547119140625,355.9938049316406,0.6921356916427612,2,car
1613.4349365234375,259.63336181640625,1913.5677490234375,405.518310546875,0.5732251405715942,7,truck
