xmin,ymin,xmax,ymax,confidence,class,name
172.41537475585938,314.44500732421875,826.1041259765625,612.0130004882812,0.8978500366210938,2,car
782.0797119140625,312.5804748535156,1027.5400390625,496.90594482421875,0.8864161372184753,2,car
985.8831787109375,291.07818603515625,1151.5166015625,440.3575744628906,0.8468061685562134,2,car
