xmin,ymin,xmax,ymax,confidence,class,name
1093.4122314453125,301.1520080566406,1276.645263671875,455.7552185058594,0.8971350193023682,2,car
