xmin,ymin,xmax,ymax,confidence,class,name
950.1189575195312,282.0892028808594,1431.7294921875,511.7586364746094,0.9186397194862366,2,car
1391.77783203125,267.95831298828125,2041.068115234375,604.9305419921875,0.9160528182983398,2,car
804.2063598632812,266.5696716308594,1032.00537109375,395.058837890625,0.8219872117042542,2,car
1.4730224609375,303.2044372558594,182.64389038085938,441.6565856933594,0.7687114477157593,2,car
14.312176704406738,268.9582214355469,213.70840454101562,370.4913635253906,0.6910092234611511,2,car
202.21665954589844,269.18597412109375,378.4017639160156,356.62310791015625,0.6884028315544128,2,car
321.6169128417969,266.27154541015625,427.72174072265625,319.762939453125,0.5919003486633301,2,car
1767.0201416015625,464.9302673339844,2044.322509765625,613.85400390625,0.5399865508079529,2,car
