xmin,ymin,xmax,ymax,confidence,class,name
1774.6484375,318.47528076171875,1962.385498046875,464.5458984375,0.8093814253807068,2,car
1892.3529052734375,306.9806213378906,2048.0,542.5658569335938,0.7417754530906677,2,car
1708.9556884765625,280.043212890625,1866.650634765625,426.2193908691406,0.6289455890655518,2,car
