xmin,ymin,xmax,ymax,confidence,class,name
1405.2987060546875,294.7240295410156,1929.360107421875,594.9119873046875,0.9313279390335083,2,car
1.6038086414337158,312.6380920410156,545.26025390625,606.47998046875,0.8835338950157166,2,car
998.4241943359375,263.826171875,1123.0904541015625,395.98516845703125,0.8322061896324158,2,car
529.182861328125,313.35821533203125,696.935302734375,400.5087890625,0.7981001138687134,2,car
879.5328979492188,296.72027587890625,973.9186401367188,366.3329162597656,0.7588025331497192,2,car
1179.448974609375,254.2998046875,1349.6715087890625,400.03759765625,0.7370774745941162,2,car
782.999755859375,293.32489013671875,861.4859619140625,345.58026123046875,0.6066681742668152,2,car
622.7244262695312,294.1999816894531,792.5149536132812,379.55157470703125,0.5717905163764954,2,car
0.7516418695449829,346.59136962890625,161.7465057373047,465.168701171875,0.538824200630188,2,car
