xmin,ymin,xmax,ymax,confidence,class,name
944.5528564453125,307.72088623046875,1172.9578857421875,501.3890686035156,0.8727140426635742,2,car
