xmin,ymin,xmax,ymax,confidence,class,name
289.79180908203125,317.3173828125,507.10870361328125,422.83984375,0.8879093527793884,2,car
1165.2330322265625,129.78884887695312,1576.172607421875,521.7607421875,0.8572297096252441,7,truck
62.410682678222656,319.5886535644531,326.53936767578125,478.65228271484375,0.8439460396766663,2,car
574.8685913085938,309.91009521484375,697.0160522460938,375.148193359375,0.8231287002563477,2,car
0.579602062702179,333.1465759277344,126.99530029296875,516.0296630859375,0.8094608783721924,2,car
1089.3916015625,304.5925598144531,1181.109130859375,421.94927978515625,0.5437615513801575,2,car
1023.0494995117188,243.58541870117188,1150.019775390625,361.27777099609375,0.5133407115936279,7,truck
