xmin,ymin,xmax,ymax,confidence,class,name
179.4203338623047,313.68524169921875,717.4691162109375,614.45458984375,0.8752109408378601,2,car
0.0,360.8168029785156,253.92581176757812,609.9329833984375,0.8457543849945068,2,car
638.1046142578125,303.80914306640625,796.0614013671875,408.79144287109375,0.7635127305984497,2,car
1251.0218505859375,304.62677001953125,1341.175537109375,361.9254455566406,0.7059934139251709,2,car
1020.3264770507812,297.4729309082031,1125.5662841796875,380.0166931152344,0.70567786693573,2,car
59.00788497924805,310.05560302734375,230.95779418945312,412.25726318359375,0.5910345315933228,2,car
1156.2193603515625,273.91180419921875,1227.6683349609375,343.1885681152344,0.5753215551376343,7,truck
