xmin,ymin,xmax,ymax,confidence,class,name
1692.8851318359375,348.69219970703125,2045.3636474609375,608.2604370117188,0.9056478142738342,2,car
1103.5013427734375,286.7672424316406,1174.7451171875,346.05963134765625,0.7993468642234802,2,car
1021.5966796875,287.4948425292969,1074.1519775390625,328.6745300292969,0.52250075340271,2,car
