xmin,ymin,xmax,ymax,confidence,class,name
166.5047149658203,245.65444946289062,523.6719970703125,499.44720458984375,0.8021517395973206,7,truck
795.8439331054688,304.35687255859375,906.1560668945312,382.05291748046875,0.7858780026435852,2,car
503.42559814453125,311.0508117675781,667.294921875,440.7940979003906,0.7039909362792969,2,car
900.53125,297.49920654296875,950.1482543945312,325.47601318359375,0.5493484735488892,2,car
