xmin,ymin,xmax,ymax,confidence,class,name
991.9973754882812,302.4878234863281,1149.2794189453125,450.98828125,0.8872212767601013,2,car
