xmin,ymin,xmax,ymax,confidence,class,name
970.8275146484375,297.11785888671875,1138.808837890625,442.73162841796875,0.8859453797340393,2,car
894.3659057617188,278.16119384765625,960.5387573242188,329.4336242675781,0.6898353695869446,2,car
813.5708618164062,293.5823669433594,857.8470458984375,328.2212829589844,0.5679471492767334,2,car
