xmin,ymin,xmax,ymax,confidence,class,name
830.7113037109375,347.7604675292969,1388.281494140625,610.0213012695312,0.807038426399231,2,car
