xmin,ymin,xmax,ymax,confidence,class,name
597.7091064453125,335.42510986328125,855.0889892578125,537.56787109375,0.7908837199211121,2,car
