xmin,ymin,xmax,ymax,confidence,class,name
1197.687255859375,305.83074951171875,1382.4373779296875,465.4237365722656,0.8294693827629089,2,car
1155.2547607421875,295.92669677734375,1191.5372314453125,322.7647705078125,0.5330820679664612,2,car
