xmin,ymin,xmax,ymax,confidence,class,name
1087.193603515625,325.15399169921875,1304.6536865234375,516.1790161132812,0.8629452586174011,2,car
2.646777391433716,334.156005859375,290.5666809082031,521.2928466796875,0.8336044549942017,2,car
509.72784423828125,278.6913757324219,653.1022338867188,399.68927001953125,0.77175372838974,7,truck
625.8394165039062,308.7188415527344,751.880126953125,408.3521423339844,0.6860131621360779,2,car
753.9868774414062,313.03717041015625,818.510498046875,363.8484802246094,0.595436692237854,2,car
858.5963745117188,288.1882629394531,991.7003173828125,411.56390380859375,0.5578470826148987,7,truck
