xmin,ymin,xmax,ymax,confidence,class,name
537.9871215820312,322.64617919921875,661.6076049804688,398.9749450683594,0.8665165305137634,2,car
1191.902099609375,325.6751403808594,1394.1258544921875,510.37103271484375,0.8135891556739807,2,car
701.7561645507812,310.0104064941406,843.4514770507812,391.78314208984375,0.7581732869148254,2,car
1133.0689697265625,305.7347717285156,1210.659423828125,373.791748046875,0.7367235422134399,2,car
924.4417724609375,290.13323974609375,1046.106201171875,402.31146240234375,0.6932545900344849,7,truck
131.31643676757812,252.7421875,466.4859313964844,505.7523498535156,0.6172294020652771,7,truck
127.944091796875,256.7853088378906,466.7644958496094,508.4056091308594,0.6061581373214722,2,car
