xmin,ymin,xmax,ymax,confidence,class,name
542.555908203125,297.18157958984375,738.566650390625,427.3974609375,0.760875403881073,2,car
