xmin,ymin,xmax,ymax,confidence,class,name
1295.8455810546875,303.0827941894531,1516.626708984375,442.0538024902344,0.9018628001213074,2,car
874.0310668945312,225.370849609375,1216.823974609375,561.4794311523438,0.5948137044906616,7,truck
