xmin,ymin,xmax,ymax,confidence,class,name
1411.619873046875,46.87128829956055,2045.077880859375,611.5631713867188,0.8866774439811707,7,truck
521.4024047851562,317.0027770996094,676.7860107421875,401.4295349121094,0.861218273639679,2,car
1326.776611328125,311.0179748535156,1433.0555419921875,456.74969482421875,0.7927846312522888,2,car
838.0589599609375,197.86581420898438,1264.717529296875,603.1500854492188,0.6547870635986328,7,truck
