xmin,ymin,xmax,ymax,confidence,class,name
141.84048461914062,303.4144592285156,298.3016662597656,406.84283447265625,0.7703065872192383,2,car
1428.3948974609375,280.8284606933594,1531.12890625,344.99530029296875,0.7332730889320374,2,car
1178.24365234375,252.0338897705078,1403.462646484375,401.81689453125,0.5814017057418823,7,truck
