xmin,ymin,xmax,ymax,confidence,class,name
0.27757567167282104,348.0625305175781,294.9855041503906,474.0263671875,0.8662484288215637,2,car
853.5750122070312,310.4222717285156,942.2908325195312,372.19415283203125,0.7302323579788208,2,car
630.032958984375,324.22625732421875,745.2509155273438,391.9363708496094,0.6867339015007019,2,car
