xmin,ymin,xmax,ymax,confidence,class,name
1024.2298583984375,288.2661437988281,1703.236083984375,584.2269287109375,0.9290279746055603,2,car
