xmin,ymin,xmax,ymax,confidence,class,name
0.0,310.14117431640625,554.662109375,607.1690063476562,0.8642938733100891,2,car
744.3456420898438,298.1151123046875,801.131591796875,345.5193176269531,0.7261958718299866,2,car
853.4085693359375,242.40505981445312,1041.692138671875,430.69647216796875,0.5402036309242249,5,bus
