xmin,ymin,xmax,ymax,confidence,class,name
1166.958251953125,300.0084533691406,1533.8255615234375,458.61822509765625,0.8729822635650635,2,car
0.926403820514679,331.3548889160156,208.8264617919922,583.6165161132812,0.8521384000778198,2,car
1679.5494384765625,267.9091796875,1891.892822265625,387.1493225097656,0.8502089381217957,2,car
1071.298583984375,334.920166015625,1244.2933349609375,402.6373596191406,0.7031568884849548,2,car
