xmin,ymin,xmax,ymax,confidence,class,name
1212.8841552734375,293.66314697265625,1663.4052734375,487.9427185058594,0.9178334474563599,2,car
2.4107666015625,312.88348388671875,392.48193359375,609.7950439453125,0.7645261287689209,2,car
