xmin,ymin,xmax,ymax,confidence,class,name
1408.997802734375,253.47207641601562,1685.216552734375,489.6060485839844,0.8294538259506226,2,car
1659.415283203125,265.69561767578125,1741.587890625,325.9545593261719,0.6793503165245056,2,car
