xmin,ymin,xmax,ymax,confidence,class,name
957.66796875,279.93878173828125,1173.6767578125,471.77423095703125,0.8893259763717651,2,car
1916.212158203125,283.70404052734375,2047.975341796875,327.0093994140625,0.6110042333602905,2,car
