xmin,ymin,xmax,ymax,confidence,class,name
959.6094970703125,286.0110778808594,1172.16357421875,475.8548278808594,0.7605134844779968,2,car
