xmin,ymin,xmax,ymax,confidence,class,name
1766.3193359375,237.9130859375,2048.0,362.2704162597656,0.8040938973426819,2,car
1369.4666748046875,268.2060546875,1634.792236328125,331.41485595703125,0.6656404733657837,2,car
1606.2489013671875,265.37872314453125,1858.519287109375,345.1014709472656,0.6549462676048279,2,car
637.482421875,300.6859130859375,748.87353515625,393.55242919921875,0.6337486505508423,2,car
919.1187744140625,285.1629638671875,1082.0963134765625,429.5149841308594,0.5592125058174133,7,truck
