xmin,ymin,xmax,ymax,confidence,class,name
971.6018676757812,278.162109375,1261.259521484375,541.2395629882812,0.6424775719642639,2,car
