xmin,ymin,xmax,ymax,confidence,class,name
933.6306762695312,278.4984436035156,1164.8519287109375,480.8714904785156,0.8222600817680359,2,car
782.405029296875,312.849609375,857.2482299804688,361.77655029296875,0.6704187989234924,2,car
1141.169677734375,281.24627685546875,1242.366455078125,365.5439453125,0.6299694180488586,2,car
299.4031066894531,320.2347717285156,434.16357421875,384.7340393066406,0.6232833862304688,2,car
145.17990112304688,317.30853271484375,342.73504638671875,394.952392578125,0.5991486310958862,2,car
