xmin,ymin,xmax,ymax,confidence,class,name
3.7883057594299316,1.3166015148162842,769.2346801757812,606.06494140625,0.9232255220413208,5,bus
935.7317504882812,279.1286315917969,1176.633544921875,486.97149658203125,0.9005053043365479,2,car
872.3713989257812,297.44482421875,937.8489379882812,356.3750915527344,0.7493538856506348,2,car
754.52783203125,293.0505676269531,833.7069091796875,363.4693908691406,0.6498356461524963,2,car
1173.3349609375,290.15740966796875,1269.344482421875,345.33001708984375,0.6414557099342346,2,car
826.6943359375,294.2058410644531,869.7540893554688,340.7448425292969,0.6165124177932739,2,car
1661.0826416015625,271.8631286621094,1904.3072509765625,370.92120361328125,0.6125841736793518,2,car
1244.60009765625,287.7048645019531,1381.3155517578125,364.3818359375,0.5655480027198792,2,car
1601.6318359375,259.7469482421875,1817.2728271484375,367.11187744140625,0.5332513451576233,2,car
