xmin,ymin,xmax,ymax,confidence,class,name
0.195556640625,323.2865295410156,294.303466796875,607.2860107421875,0.9017214179039001,2,car
1619.609130859375,312.79766845703125,1952.9332275390625,509.4124450683594,0.8916573524475098,2,car
1844.4095458984375,327.89764404296875,2046.3795166015625,581.3653564453125,0.8686313629150391,2,car
1473.9287109375,315.1410827636719,1722.401123046875,467.880859375,0.823492705821991,2,car
569.35498046875,276.10711669921875,818.96728515625,490.02178955078125,0.742783784866333,7,truck
1412.367919921875,308.23712158203125,1579.08642578125,437.173828125,0.7274904847145081,2,car
966.16015625,291.68927001953125,1112.173828125,426.23504638671875,0.6996647715568542,2,car
1270.12890625,309.689208984375,1430.8812255859375,412.7613830566406,0.5859507918357849,2,car
814.3778076171875,301.7446594238281,869.6199951171875,354.3930969238281,0.559740424156189,2,car
