xmin,ymin,xmax,ymax,confidence,class,name
1443.8155517578125,308.6926574707031,1926.354248046875,603.11572265625,0.9295847415924072,2,car
1.134515404701233,337.45855712890625,166.3424835205078,566.473876953125,0.887957751750946,2,car
1011.94677734375,297.1184997558594,1140.4158935546875,415.3301696777344,0.710294783115387,2,car
1172.230712890625,299.8462829589844,1275.3603515625,381.73504638671875,0.6370769739151001,2,car
