xmin,ymin,xmax,ymax,confidence,class,name
1038.0472412109375,298.6532287597656,1196.976318359375,420.00146484375,0.638542115688324,7,truck
1346.863037109375,307.983642578125,1649.781494140625,516.5722045898438,0.6043789386749268,2,car
1037.505126953125,290.3943786621094,1197.5999755859375,424.17803955078125,0.5788490772247314,2,car
1910.071044921875,254.3871612548828,2043.203857421875,334.5210876464844,0.5539844632148743,2,car
