xmin,ymin,xmax,ymax,confidence,class,name
848.3408203125,314.22314453125,1146.1605224609375,421.16668701171875,0.8991128206253052,2,car
1317.3070068359375,300.5330505371094,1582.3502197265625,405.50823974609375,0.8895470499992371,2,car
1564.3394775390625,261.08935546875,1890.0765380859375,392.18182373046875,0.6588388085365295,2,car
1119.5101318359375,295.29302978515625,1197.0465087890625,355.27044677734375,0.6012864708900452,2,car
