xmin,ymin,xmax,ymax,confidence,class,name
1056.214599609375,305.8111877441406,1406.3157958984375,425.15228271484375,0.8741515874862671,2,car
24.317699432373047,340.5097961425781,220.3359832763672,423.55389404296875,0.785912811756134,2,car
460.52752685546875,330.33465576171875,792.5975341796875,490.56494140625,0.6460913419723511,2,car
840.0169067382812,303.18890380859375,928.1356201171875,356.0959777832031,0.6068674325942993,2,car
