xmin,ymin,xmax,ymax,confidence,class,name
1.0029418468475342,376.1361389160156,243.77017211914062,610.8057861328125,0.8934839367866516,2,car
488.6592712402344,327.7970886230469,890.77587890625,493.54718017578125,0.8349476456642151,2,car
1183.915283203125,305.3442077636719,1269.1961669921875,362.38128662109375,0.7642285227775574,2,car
837.6251831054688,302.61376953125,930.8197021484375,357.3702087402344,0.6530102491378784,2,car
