xmin,ymin,xmax,ymax,confidence,class,name
1293.6539306640625,316.8388671875,1752.41796875,606.4236450195312,0.8682103753089905,2,car
1146.7060546875,319.3183898925781,1388.8095703125,498.51544189453125,0.8540293574333191,2,car
1073.704345703125,279.9917297363281,1240.0020751953125,442.4866638183594,0.6162829399108887,2,car
