xmin,ymin,xmax,ymax,confidence,class,name
1296.6561279296875,308.03887939453125,1539.9893798828125,509.04705810546875,0.8765179514884949,2,car
742.4439697265625,320.12030029296875,843.669921875,389.0957946777344,0.7501929402351379,2,car
838.61962890625,309.8427734375,905.2698364257812,365.5365295410156,0.6498396992683411,2,car
1261.1829833984375,297.0433044433594,1362.5052490234375,361.11016845703125,0.5767116546630859,2,car
1591.56982421875,365.98663330078125,1641.0267333984375,399.13348388671875,0.516771674156189,2,car
