xmin,ymin,xmax,ymax,confidence,class,name
1701.964111328125,344.3260192871094,2046.7984619140625,609.520263671875,0.9112826585769653,2,car
1441.73779296875,270.69677734375,1606.540771484375,352.275146484375,0.7001497149467468,2,car
1198.6097412109375,293.7511291503906,1263.7154541015625,345.2332458496094,0.6878976225852966,2,car
901.3591918945312,297.05889892578125,965.4085693359375,347.3013610839844,0.6748400330543518,2,car
814.5116577148438,302.5555114746094,892.7498168945312,378.0057678222656,0.6648656725883484,2,car
677.200927734375,288.2630310058594,835.9105224609375,414.12652587890625,0.5783293843269348,2,car
