xmin,ymin,xmax,ymax,confidence,class,name
715.26171875,329.0831604003906,1058.8349609375,544.802978515625,0.9051512479782104,2,car
1818.491455078125,327.4520568847656,2036.1156005859375,453.4302673339844,0.8026041984558105,2,car
1105.3555908203125,300.5497131347656,1210.429931640625,379.5155334472656,0.7202663421630859,2,car
1238.968017578125,309.74468994140625,1288.3067626953125,357.12603759765625,0.6556721329689026,2,car
1201.267333984375,309.441162109375,1239.838134765625,375.39044189453125,0.6301986575126648,2,car
2014.9488525390625,339.8623962402344,2048.0,406.55450439453125,0.5320943593978882,2,car
