xmin,ymin,xmax,ymax,confidence,class,name
2.253772020339966,321.13818359375,336.49615478515625,566.38134765625,0.9216050505638123,2,car
250.86367797851562,298.27899169921875,477.32269287109375,394.160888671875,0.800037145614624,2,car
1203.9495849609375,283.731689453125,1404.2542724609375,371.2388610839844,0.5947946310043335,2,car
