xmin,ymin,xmax,ymax,confidence,class,name
876.1036987304688,339.1720886230469,1345.9984130859375,609.1842041015625,0.8658463358879089,2,car
614.46435546875,307.80450439453125,687.0358276367188,357.10748291015625,0.6270831823348999,2,car
