xmin,ymin,xmax,ymax,confidence,class,name
146.3253936767578,318.5299987792969,820.2581176757812,609.5147705078125,0.9309113025665283,2,car
0.0,351.4483947753906,217.396728515625,517.3216552734375,0.8794840574264526,2,car
1333.9439697265625,318.2395324707031,1481.217041015625,427.37384033203125,0.8380175232887268,2,car
1658.906494140625,315.39013671875,1748.4833984375,380.19573974609375,0.8065171241760254,2,car
1587.865478515625,307.19635009765625,1657.482666015625,364.7427673339844,0.6467591524124146,2,car
