xmin,ymin,xmax,ymax,confidence,class,name
790.0255737304688,321.895263671875,1020.6810302734375,509.520751953125,0.9094710350036621,2,car
200.31906127929688,325.12628173828125,490.5780334472656,469.37945556640625,0.9040921926498413,2,car
0.0,342.3236083984375,141.55429077148438,404.632080078125,0.7618430256843567,2,car
121.7745132446289,329.15118408203125,274.4028015136719,394.271484375,0.7089350819587708,2,car
990.9928588867188,310.8794860839844,1082.8133544921875,398.09197998046875,0.6913449764251709,2,car
