xmin,ymin,xmax,ymax,confidence,class,name
958.3341674804688,308.9430236816406,1138.809326171875,469.427978515625,0.8801677823066711,2,car
1109.176025390625,305.29193115234375,1207.4281005859375,376.24798583984375,0.748408317565918,2,car
804.1815795898438,297.1584167480469,872.7962646484375,357.87945556640625,0.7179111838340759,2,car
636.9937744140625,308.11846923828125,750.6925048828125,387.6617736816406,0.710042417049408,2,car
724.8353881835938,296.3050231933594,820.0496826171875,364.89678955078125,0.6381819844245911,2,car
