xmin,ymin,xmax,ymax,confidence,class,name
880.64501953125,304.42279052734375,1106.438232421875,474.7674255371094,0.8645232915878296,2,car
969.140625,141.12033081054688,1322.1712646484375,390.1483459472656,0.8373519778251648,7,truck
223.25894165039062,296.29046630859375,493.3338928222656,456.09442138671875,0.7906281352043152,2,car
611.5615234375,285.1893005371094,712.25146484375,348.066650390625,0.6560183763504028,2,car
