xmin,ymin,xmax,ymax,confidence,class,name
1080.4039306640625,290.3445129394531,1509.8675537109375,571.1920166015625,0.816804826259613,2,car
256.1926574707031,261.7731628417969,418.06488037109375,373.95123291015625,0.7584613561630249,7,truck
1581.947509765625,15.81024169921875,2046.8336181640625,348.10626220703125,0.7178627252578735,7,truck
425.3621520996094,276.9005432128906,530.1654663085938,346.5203552246094,0.5395893454551697,2,car
