xmin,ymin,xmax,ymax,confidence,class,name
1910.458740234375,255.94522094726562,2047.198974609375,416.6075744628906,0.8552238941192627,2,car
