xmin,ymin,xmax,ymax,confidence,class,name
604.1498413085938,317.1660461425781,697.9912719726562,380.04388427734375,0.6231625080108643,2,car
479.84423828125,323.5718688964844,618.7843627929688,391.11541748046875,0.5882909297943115,2,car
