xmin,ymin,xmax,ymax,confidence,class,name
1142.0517578125,184.15316772460938,1391.090087890625,403.401123046875,0.9089958071708679,5,bus
