xmin,ymin,xmax,ymax,confidence,class,name
314.6038513183594,338.22198486328125,468.9862365722656,417.363525390625,0.7920680642127991,2,car
641.8543701171875,330.20159912109375,693.14501953125,364.7618103027344,0.624917209148407,2,car
808.009033203125,251.7384796142578,951.7598876953125,395.5418395996094,0.6234843730926514,5,bus
724.7005615234375,320.37994384765625,774.4558715820312,360.7481994628906,0.6192978024482727,2,car
450.2228088378906,334.81109619140625,562.3701782226562,403.28668212890625,0.5147885084152222,2,car
536.1033325195312,338.8799743652344,618.7350463867188,392.06573486328125,0.5101811289787292,2,car
