xmin,ymin,xmax,ymax,confidence,class,name
2.3043456077575684,345.68170166015625,672.5030517578125,609.7833251953125,0.928453266620636,2,car
1605.6568603515625,267.3500061035156,2045.8287353515625,609.7767333984375,0.9221844673156738,2,car
586.6619873046875,325.58636474609375,830.2991333007812,561.5899047851562,0.885618269443512,2,car
756.1506958007812,313.4382019042969,926.7477416992188,468.61822509765625,0.8658502101898193,2,car
1412.5269775390625,325.9345703125,1733.767333984375,582.990234375,0.8169355392456055,2,car
891.4989013671875,304.07598876953125,991.1246948242188,412.31463623046875,0.7572515606880188,2,car
1016.1197509765625,294.75128173828125,1067.1923828125,346.6663513183594,0.5247554779052734,2,car
