xmin,ymin,xmax,ymax,confidence,class,name
826.4050903320312,303.0794372558594,1001.005859375,478.28375244140625,0.839218258857727,2,car
882.681640625,134.82223510742188,2035.772705078125,617.8189697265625,0.8189577460289001,7,truck
775.5162353515625,317.15570068359375,845.4020385742188,372.15704345703125,0.7747678160667419,2,car
