xmin,ymin,xmax,ymax,confidence,class,name
12.366064071655273,116.5397720336914,990.9410400390625,611.5275268554688,0.8283726572990417,7,truck
