xmin,ymin,xmax,ymax,confidence,class,name
440.16827392578125,283.36572265625,724.9846801757812,548.6539916992188,0.8950849175453186,2,car
1249.818115234375,363.6326599121094,1798.7021484375,549.9788818359375,0.876666247844696,2,car
186.76992797851562,296.43243408203125,308.24932861328125,381.36834716796875,0.8510972857475281,2,car
841.1610107421875,314.9461975097656,988.0526123046875,415.2188415527344,0.8314571380615234,2,car
0.7664428949356079,284.87164306640625,186.96726989746094,426.19696044921875,0.8245792388916016,2,car
809.9666748046875,297.0653076171875,886.5452880859375,384.01739501953125,0.6404463052749634,2,car
1002.6204223632812,318.2513427734375,1165.496337890625,418.12078857421875,0.5249935388565063,2,car
