xmin,ymin,xmax,ymax,confidence,class,name
9.697656631469727,337.1710205078125,841.6149291992188,609.8516845703125,0.83888840675354,2,car
780.3090209960938,313.41705322265625,1223.0697021484375,496.0958557128906,0.7794645428657532,2,car
1827.5452880859375,319.13629150390625,2045.742919921875,499.190673828125,0.7730363607406616,2,car
1958.5101318359375,355.1460266113281,2048.0,557.07373046875,0.7421217560768127,2,car
1020.56982421875,292.48919677734375,1280.188720703125,397.97393798828125,0.6869457364082336,2,car
1644.3267822265625,290.9080810546875,1797.2607421875,380.1044921875,0.6796202659606934,2,car
1721.406005859375,298.5331115722656,1910.079833984375,435.23065185546875,0.522183895111084,2,car
