xmin,ymin,xmax,ymax,confidence,class,name
1477.659912109375,280.54595947265625,1750.4859619140625,382.8153381347656,0.7277136445045471,2,car
841.0084838867188,288.21331787109375,940.5999145507812,382.77435302734375,0.6294751763343811,5,bus
