xmin,ymin,xmax,ymax,confidence,class,name
339.6558532714844,326.19952392578125,670.2158203125,547.7330932617188,0.9270553588867188,2,car
1602.9862060546875,299.00531005859375,1913.904052734375,553.5026245117188,0.9003543257713318,2,car
1784.412353515625,275.16790771484375,1934.4993896484375,342.0960998535156,0.7171514630317688,2,car
889.3154296875,249.267333984375,1272.243896484375,570.169189453125,0.6196321845054626,7,truck
1975.938232421875,283.61822509765625,2048.0,344.16412353515625,0.571412205696106,2,car
