xmin,ymin,xmax,ymax,confidence,class,name
888.6983642578125,299.4299621582031,1034.6834716796875,435.96142578125,0.8088934421539307,2,car
766.1625366210938,297.29339599609375,822.3076171875,344.20379638671875,0.626172661781311,2,car
