xmin,ymin,xmax,ymax,confidence,class,name
824.5963745117188,293.577880859375,909.0866088867188,359.77642822265625,0.7686575055122375,2,car
1019.7389526367188,297.0589599609375,1089.04541015625,361.7353515625,0.7160088419914246,2,car
