xmin,ymin,xmax,ymax,confidence,class,name
189.62985229492188,323.5140075683594,456.1163024902344,457.36968994140625,0.900840163230896,2,car
436.312255859375,318.51287841796875,576.2791748046875,414.49237060546875,0.792081892490387,2,car
587.5115966796875,306.32147216796875,680.562255859375,387.82843017578125,0.7337573766708374,2,car
837.7325439453125,289.4291687011719,886.6212158203125,320.12725830078125,0.5111603140830994,2,car
