xmin,ymin,xmax,ymax,confidence,class,name
1863.2962646484375,345.7982482910156,2045.2427978515625,610.6398315429688,0.8460565209388733,2,car
240.3118133544922,334.2337646484375,384.544677734375,387.74639892578125,0.7186523079872131,2,car
1397.308349609375,273.3020935058594,1653.8695068359375,383.4010314941406,0.5465020537376404,2,car
