xmin,ymin,xmax,ymax,confidence,class,name
258.17041015625,335.7037353515625,455.30194091796875,432.624755859375,0.8470235466957092,2,car
564.6148681640625,323.83221435546875,658.2330932617188,383.9569396972656,0.7387412786483765,2,car
