xmin,ymin,xmax,ymax,confidence,class,name
1609.68603515625,234.3318328857422,2034.7672119140625,352.6982421875,0.7950354814529419,2,car
944.5269775390625,277.2323913574219,1108.283935546875,413.4371032714844,0.5814129114151001,2,car
1516.9990234375,267.28179931640625,1715.0189208984375,329.7814636230469,0.5757396221160889,2,car
1354.7220458984375,268.60736083984375,1543.941650390625,318.443359375,0.5622236132621765,2,car
752.5195922851562,297.55511474609375,818.1561279296875,358.81390380859375,0.5264248251914978,2,car
