xmin,ymin,xmax,ymax,confidence,class,name
1408.6070556640625,47.74079513549805,2045.647216796875,611.1189575195312,0.8732046484947205,7,truck
0.0,344.4346618652344,137.62588500976562,494.9878845214844,0.8651468753814697,2,car
589.0528564453125,315.22344970703125,783.9010620117188,421.10791015625,0.8292292952537537,2,car
1340.854736328125,312.1141662597656,1432.0733642578125,458.40167236328125,0.7827160954475403,2,car
839.7975463867188,201.7699737548828,1264.9718017578125,603.7889404296875,0.6826167106628418,7,truck
549.244140625,313.5564880371094,665.1865234375,397.3050231933594,0.651763379573822,2,car
102.8507080078125,214.889892578125,547.1373901367188,530.8223266601562,0.6335558295249939,7,truck
