xmin,ymin,xmax,ymax,confidence,class,name
949.5783081054688,305.725341796875,1132.639404296875,460.728759765625,0.8942428827285767,2,car
1227.809814453125,299.2149353027344,1409.370849609375,426.67413330078125,0.8489113450050354,2,car
1099.331787109375,228.31802368164062,1181.079833984375,327.813232421875,0.7053173780441284,7,truck
