xmin,ymin,xmax,ymax,confidence,class,name
996.0863037109375,294.5835266113281,1062.3179931640625,352.8260498046875,0.7417712807655334,2,car
1161.8046875,286.53790283203125,1284.205810546875,371.185546875,0.6645783185958862,2,car
131.3141326904297,298.5248107910156,312.66168212890625,445.9229431152344,0.613964855670929,2,car
360.4710388183594,312.19342041015625,518.1704711914062,387.24029541015625,0.5731381773948669,2,car
234.2571258544922,309.0120849609375,421.0921936035156,414.00115966796875,0.5447328090667725,2,car
