xmin,ymin,xmax,ymax,confidence,class,name
435.972412109375,335.03472900390625,773.4437255859375,562.5709228515625,0.9224770069122314,2,car
262.5204772949219,233.255126953125,634.5138549804688,445.76519775390625,0.9011188745498657,5,bus
760.2753295898438,313.3054504394531,873.51953125,412.2784118652344,0.7656621336936951,2,car
963.33203125,313.91180419921875,1027.4049072265625,360.05450439453125,0.6569464802742004,2,car
860.4885864257812,314.3946838378906,913.4901123046875,354.3702697753906,0.5448201298713684,2,car
