xmin,ymin,xmax,ymax,confidence,class,name
1426.571533203125,272.93389892578125,1857.4222412109375,418.37408447265625,0.8875699043273926,2,car
1137.6148681640625,277.4141540527344,1406.648193359375,397.119873046875,0.561292290687561,2,car
