xmin,ymin,xmax,ymax,confidence,class,name
1025.060791015625,315.28106689453125,1197.661865234375,475.37567138671875,0.7489108443260193,2,car
