xmin,ymin,xmax,ymax,confidence,class,name
901.0562744140625,289.1463317871094,1061.6500244140625,434.5040588378906,0.8675785660743713,2,car
