xmin,ymin,xmax,ymax,confidence,class,name
672.4622192382812,291.6329040527344,733.1897583007812,343.46142578125,0.7564669847488403,2,car
728.995849609375,265.811767578125,890.3287963867188,407.7408752441406,0.739353358745575,2,car
1279.5400390625,276.1221618652344,1681.260498046875,482.78857421875,0.6741971969604492,7,truck
489.3375549316406,265.1116638183594,677.5433349609375,410.9793395996094,0.6612977385520935,2,car
1048.1134033203125,288.07232666015625,1111.169189453125,338.0310974121094,0.6434879302978516,2,car
3.038317918777466,229.01834106445312,318.4646911621094,610.5819091796875,0.6172043681144714,2,car
1273.257568359375,271.17864990234375,1523.46435546875,446.27166748046875,0.5371477007865906,7,truck
1119.329345703125,274.47198486328125,1224.912841796875,364.05780029296875,0.5152736902236938,2,car
