xmin,ymin,xmax,ymax,confidence,class,name
405.1473693847656,318.17376708984375,624.9689331054688,458.37701416015625,0.9011697769165039,2,car
1412.558349609375,45.8232421875,2045.0521240234375,613.0162963867188,0.8927391767501831,7,truck
1318.8726806640625,304.9999084472656,1432.1383056640625,454.4056701660156,0.7916194796562195,2,car
1240.613525390625,292.42059326171875,1327.7127685546875,346.6015625,0.7771891355514526,2,car
836.3018798828125,199.2523956298828,1265.6629638671875,598.6806030273438,0.6300303936004639,2,car
837.7267456054688,199.462158203125,1264.9156494140625,604.5194091796875,0.523209273815155,7,truck
