xmin,ymin,xmax,ymax,confidence,class,name
1523.5250244140625,244.26156616210938,1881.862548828125,338.656005859375,0.7035549879074097,2,car
971.6534423828125,273.92608642578125,1124.7352294921875,406.5286560058594,0.6640598177909851,2,car
1476.9422607421875,268.4451904296875,1610.682861328125,324.2261047363281,0.5918118357658386,2,car
1290.788818359375,265.33599853515625,1497.5050048828125,318.69085693359375,0.5515589714050293,2,car
1759.370361328125,272.07025146484375,2047.8382568359375,346.32476806640625,0.5218610167503357,2,car
