xmin,ymin,xmax,ymax,confidence,class,name
1543.3814697265625,332.7723083496094,2045.618896484375,614.7806396484375,0.9248021245002747,2,car
1350.3052978515625,290.74395751953125,1682.230712890625,535.52001953125,0.8936365842819214,2,car
1225.01171875,309.7891540527344,1411.1324462890625,441.99072265625,0.8328968286514282,2,car
1093.470458984375,291.9138488769531,1194.474853515625,351.0396728515625,0.6598299741744995,2,car
1206.31494140625,293.3089904785156,1317.8253173828125,386.76531982421875,0.591340184211731,2,car
1746.6068115234375,269.1033020019531,1893.1259765625,327.71502685546875,0.5689058303833008,2,car
