xmin,ymin,xmax,ymax,confidence,class,name
249.42477416992188,345.58367919921875,641.1319580078125,553.1975708007812,0.91997230052948,2,car
625.9952392578125,323.01123046875,760.1192016601562,413.02490234375,0.7891671061515808,2,car
1034.50048828125,292.03094482421875,1126.402099609375,385.8526306152344,0.7251089215278625,2,car
830.8922119140625,317.4810791015625,898.2705078125,368.39715576171875,0.6503762006759644,2,car
975.5997924804688,304.0184631347656,1024.7080078125,349.4970703125,0.6201462745666504,2,car
