xmin,ymin,xmax,ymax,confidence,class,name
0.37598878145217896,375.9842834472656,343.2508239746094,604.0519409179688,0.9026362299919128,2,car
648.1934204101562,327.04779052734375,802.3397827148438,436.4822692871094,0.8486758470535278,2,car
1049.265625,302.14593505859375,1159.8355712890625,399.01727294921875,0.7967490553855896,2,car
615.04052734375,315.22100830078125,682.4215087890625,359.14251708984375,0.5766040086746216,2,car
