xmin,ymin,xmax,ymax,confidence,class,name
777.6468505859375,312.2008056640625,965.0205078125,465.3775329589844,0.8904750347137451,2,car
1048.478515625,301.0956115722656,1241.433349609375,446.6534118652344,0.7957014441490173,2,car
980.3483276367188,211.67822265625,1077.17529296875,346.32232666015625,0.7605478763580322,7,truck
715.6209716796875,295.84197998046875,773.3339233398438,336.3606872558594,0.6633848547935486,2,car
