xmin,ymin,xmax,ymax,confidence,class,name
1272.9500732421875,282.9024353027344,1718.1624755859375,545.0328979492188,0.9026151895523071,2,car
1206.420654296875,151.58058166503906,2014.99609375,359.6590881347656,0.7862818241119385,5,bus
0.0,301.2056884765625,63.364234924316406,381.600341796875,0.7689623236656189,2,car
52.693023681640625,288.3260803222656,166.9440155029297,361.30047607421875,0.7469064593315125,2,car
