xmin,ymin,xmax,ymax,confidence,class,name
1148.314697265625,201.0559539794922,1360.8536376953125,379.6952209472656,0.8718379735946655,5,bus
