xmin,ymin,xmax,ymax,confidence,class,name
813.90771484375,209.8712158203125,1010.2989501953125,402.6788024902344,0.8827572464942932,5,bus
422.86004638671875,315.0345764160156,545.69189453125,367.67919921875,0.7029343247413635,2,car
556.2374267578125,311.30767822265625,629.3870849609375,347.5180969238281,0.6331369876861572,2,car
