xmin,ymin,xmax,ymax,confidence,class,name
393.29217529296875,322.0194396972656,696.71337890625,532.9296875,0.9110462069511414,2,car
1571.0482177734375,295.3992919921875,1861.4830322265625,538.26318359375,0.8882849812507629,2,car
904.9724731445312,252.64950561523438,1263.1654052734375,551.7008056640625,0.6978882551193237,7,truck
1747.1767578125,275.36724853515625,1925.8681640625,347.8565673828125,0.6536371111869812,2,car
