xmin,ymin,xmax,ymax,confidence,class,name
988.5733642578125,265.7377014160156,1115.0821533203125,389.3501892089844,0.629609227180481,5,bus
