xmin,ymin,xmax,ymax,confidence,class,name
988.5731201171875,265.7377014160156,1115.0821533203125,389.3502502441406,0.6296091675758362,5,bus
