xmin,ymin,xmax,ymax,confidence,class,name
1283.446044921875,301.1552734375,1537.3590087890625,475.515625,0.9048526883125305,2,car
849.8401489257812,301.66510009765625,927.9127807617188,358.352294921875,0.7467201948165894,2,car
749.94091796875,306.43402099609375,813.7566528320312,356.1274719238281,0.6949858069419861,2,car
1257.835693359375,316.50726318359375,1311.422607421875,363.56585693359375,0.5818142890930176,2,car
809.8367919921875,311.64215087890625,859.7346801757812,356.3529052734375,0.38774752616882324,2,car
