xmin,ymin,xmax,ymax,confidence,class,name
774.1253051757812,315.3699645996094,1134.329833984375,427.82220458984375,0.9224988222122192,2,car
124.6841812133789,325.93560791015625,733.251953125,516.355224609375,0.916409432888031,2,car
1599.977783203125,301.2044982910156,2045.830810546875,463.4154357910156,0.8997573852539062,2,car
1179.2020263671875,302.0669860839844,1571.206787109375,433.9335021972656,0.8989450335502625,2,car
1884.8189697265625,278.03436279296875,2047.6322021484375,362.84857177734375,0.696379542350769,2,car
